Id|Name|Description|Price|PriceCurrency|SupplyAbility|MinimumOrder
9c8f0f5b-1d72-49d3-8b85-3a2d5edbff25|Samsung Odyssey Neo G8 (LS32BG850NUX)|The Samsung Odyssey Neo G8 is a high-performance gaming monitor featuring a 32-inch 4K curved display with a 240Hz refresh rate and Quantum Matrix Technology for stunning visuals and smooth gameplay.|999.99|USD|2500|10
c0fa9606-bbb5-44ef-8b9a-4388ad4bbf7d|Apple MacBook Pro 16-inch (2023)|The Apple MacBook Pro 16-inch (2023) comes with a powerful M1 Max chip, stunning Liquid Retina XDR display, and up to 64GB of RAM, perfect for creative professionals and heavy workloads.|2499.99|USD|1500|5
d1379ac9-8728-4623-b80c-c39e4931d8e9|Sony WH-1000XM5|Sony WH-1000XM5 headphones provide industry-leading noise cancellation, superior sound quality, and 30 hours of battery life for uninterrupted music and calls.|349.99|USD|4000|1
be51b3b9-4a93-4f87-8b18-f89c4935e251|Microsoft Surface Laptop 4|The Microsoft Surface Laptop 4 features a sleek design, Intel Core i7 processor, high-resolution PixelSense touchscreen, and long-lasting battery life.|1599.99|USD|3000|3
c508b4d9-3496-4017-a786-395bc55959cc|Bose QuietComfort 45|Bose QuietComfort 45 headphones are known for their exceptional noise cancellation and premium sound, offering up to 24 hours of wireless use.|329.99|USD|3500|2
97a4b1fc-4ec6-47f2-bebd-cb5192ae5b9e|Nikon Z9 Mirrorless Camera|Nikon Z9 Mirrorless Camera offers the ultimate in professional photography with a 45.7MP full-frame sensor, 8K video, and unmatched autofocus capabilities.|5499.99|USD|500|1
7b2186ff-c015-4d98-9a0a-1ad8e45a351d|Canon EOS R5|Canon EOS R5 is a mirrorless camera designed for professionals, featuring a 45MP sensor, 8K video recording, and exceptional autofocus for sharp images.|3899.99|USD|300|2
f014a2b3-99d5-4ad1-9e98-d90c674b7ed9|LG OLED55CXPUA Alexa Built-In CX 55 4K Smart OLED TV|LG OLED55CXPUA is a 55-inch 4K OLED Smart TV with self-lighting pixels, perfect blacks, and rich colors for an immersive viewing experience.|1799.99|USD|1000|3
21d90f1c-3cd2-4c7f-bd12-71a6d0b464a2|GoPro HERO10 Black|GoPro HERO10 Black is a rugged action camera with HyperSmooth 4.0 stabilization, 5.3K video recording, and enhanced low-light performance.|399.99|USD|8000|1
fd872e5b-3462-49c6-86a3-b79d9a1cfb9f|Razer Blade 15 Advanced|The Razer Blade 15 Advanced is a high-performance gaming laptop with a 15.6-inch 4K OLED display, Intel Core i7 processor, and NVIDIA GeForce RTX 3080.|2299.99|USD|1500|2
d69e4651-1d3f-47ae-8c82-2f1cba96d195|Razer DeathAdder V2|The Razer DeathAdder V2 is a wired gaming mouse that offers a high-precision optical sensor, ergonomic design, and Razer Speedflex cable for minimal drag.|69.99|USD|4000|5
3be1d053-1f39-4508-b274-8ec56a7b3d67|Samsung Galaxy Tab S8+|The Samsung Galaxy Tab S8+ is a high-performance Android tablet with a large 12.4-inch AMOLED display, Qualcomm Snapdragon 8 Gen 1 chip, and long battery life.|899.99|USD|3000|3
b4cf6d55-e722-44cc-9c97-11e1b313f437|Lenovo ThinkPad X1 Carbon Gen 9|The Lenovo ThinkPad X1 Carbon Gen 9 is a lightweight business laptop with an Intel Core i7 processor, 14-inch 4K display, and up to 32GB of RAM for productivity on the go.|1899.99|USD|1500|2
d5f5bc38-e8da-4f00-9eb5-b51a7b663890|Microsoft Xbox Series S|The Xbox Series S is an affordable next-gen gaming console offering fast load times, high-performance graphics, and access to the Xbox Game Pass library.|299.99|USD|4000|5
6c81b1ed-c3d8-4195-963f-c23e87689c60|Apple iPad Pro 12.9-inch (2022)|The iPad Pro 12.9-inch (2022) features Apple's M1 chip, a stunning Liquid Retina XDR display, and excellent camera performance for content creators and professionals.|1099.99|USD|1000|2
78a0b0d3-4450-4d9e-9877-c0f41648d396|Harman Kardon Onyx Studio 6|The Harman Kardon Onyx Studio 6 is a premium portable Bluetooth speaker with a sleek design, superior sound quality, and waterproof features.|349.99|USD|2000|3
b3d5fe96-b568-4b30-a698-dcf4d42b1e3d|GoPro HERO9 Black|GoPro HERO9 Black is an action camera designed for extreme sports, featuring 5K video recording, HyperSmooth 3.0 stabilization, and a 20MP photo capability.|449.99|USD|5000|4
f3d6b2e7-462f-437d-b2fc-dffba375e6cc|Sony 75-Inch X90J 4K LED TV|The Sony 75-Inch X90J offers stunning 4K visuals, enhanced by Sony's XR Cognitive Processor and Dolby Vision, making it perfect for home entertainment.|1599.99|USD|800|3
c676f8fe-9e84-44a2-a501-618f10f1ed04|Microsoft Surface Pro 8|The Surface Pro 8 combines the power of a laptop with the portability of a tablet, featuring a high-resolution screen and up to Intel Core i7 processor.|1199.99|USD|2500|2
7ac23de0-1c9a-4743-915e-40fd72b8f057|Apple AirPods (3rd Generation)|The AirPods (3rd Generation) feature adaptive EQ, spatial audio, and a comfortable design for an immersive listening experience.|179.99|USD|6000|3
321f13a7-6f56-4a68-8d06-d06ed6a27a0a|Oculus Quest 2 128GB|Oculus Quest 2 is a standalone VR headset that provides an immersive experience with a large selection of games and applications.|299.99|USD|5000|2
ab68a388-95fc-4189-a0ba-13c18fd5e8e0|JBL Charge 5 Bluetooth Speaker|The JBL Charge 5 offers loud, clear sound with deep bass, a built-in power bank, and waterproof design, making it the perfect portable speaker for outdoor use.|179.99|USD|6000|3
d76bc0b2-8b91-4727-8c39-1c1351b9aef6|Samsung 980 PRO 1TB NVMe M.2 SSD|The Samsung 980 PRO offers lightning-fast read and write speeds, ideal for high-performance gaming and content creation on compatible devices.|149.99|USD|3500|2
b1d8d9f3-5055-43f0-a5da-4eeffbaf5e34|Seagate 2TB Portable External Hard Drive|The Seagate 2TB Portable External Hard Drive provides ample storage space for your files with USB 3.0 connectivity, compact design, and fast data transfer rates.|69.99|USD|5000|5
1b8ed9d6-f2a7-430f-a42d-c9f2cde5f8ad|Kingston HyperX Alloy FPS Pro|The Kingston HyperX Alloy FPS Pro is a tenkeyless mechanical gaming keyboard with a durable design and dynamic RGB lighting for FPS gamers.|99.99|USD|3500|2
9b18a1be-1451-453f-9e42-c881e38018a4|Alienware Aurora R12 Gaming Desktop|The Alienware Aurora R12 is a powerful gaming desktop featuring Intel Core i9 processor, NVIDIA GeForce RTX 3080, and customizable RGB lighting for the ultimate gaming experience.|2499.99|USD|800|3
3870131b-3b04-42a6-b419-b709a5f4c3fa|Corsair K95 RGB Platinum XT|The Corsair K95 RGB Platinum XT is a high-end mechanical gaming keyboard with Cherry MX switches, programmable macro keys, and dynamic RGB lighting.|199.99|USD|2000|3
9b6601f7-5b4a-4fef-9a27-2cc980ae3178|Apple MacBook Air (M2, 2022)|The MacBook Air (M2, 2022) is a thin and lightweight laptop with Apple's new M2 chip, up to 18 hours of battery life, and a 13.6-inch Retina display.|1199.99|USD|2500|2
dd1f5c5d-8dbe-4b30-b59a-9d66c351ed3f|Asus TUF Gaming F17|The Asus TUF Gaming F17 is a durable and high-performance gaming laptop featuring Intel Core i7, NVIDIA GeForce GTX 1660 Ti, and a large 17.3-inch display.|1199.99|USD|1500|4
3c5ef2d5-b967-48ad-9c52-2b49e36a5306|Sony A7 IV Mirrorless Camera|The Sony A7 IV is a mirrorless camera designed for professionals, featuring a 33MP full-frame sensor, 4K video recording, and fast autofocus for sharp, detailed images.|2499.99|USD|600|3
9da3be23-f015-4bbf-9c9b-f23c27d3cb9e|Samsung Galaxy Watch 5 Pro|The Samsung Galaxy Watch 5 Pro offers advanced health monitoring features, including body composition measurement, ECG, and sleep tracking for a comprehensive fitness experience.|449.99|USD|4000|2
572fc0fe-2294-48b0-903b-4d50ac758b9c|BenQ Zowie XL2546K 24.5-inch Gaming Monitor|The BenQ Zowie XL2546K is a 24.5-inch esports gaming monitor offering a 240Hz refresh rate and DyAc+ technology for ultra-smooth gameplay and low input lag.|449.99|USD|3000|3
84a7c4eb-5912-4906-97ab-03592fffc038|Samsung 970 EVO Plus 500GB SSD|The Samsung 970 EVO Plus provides lightning-fast read and write speeds with its PCIe Gen 3.0 interface, making it ideal for high-performance gaming and content creation.|89.99|USD|5000|5
9f81b689-79cf-4c52-91cf-fbb712e6a799|Logitech G Pro X Superlight Wireless Mouse|The Logitech G Pro X Superlight is an ultra-lightweight wireless gaming mouse designed for precision, speed, and comfort, featuring HERO sensor and low latency.|149.99|USD|4500|2
5fa319fc-5d44-453f-a679-7f3d2e1adf7a|Huawei P40 Pro|The Huawei P40 Pro offers cutting-edge camera capabilities, featuring a 50MP Ultra Vision Leica camera, 5G support, and a sleek design.|999.99|USD|3000|3
c3a7b8c5-bd89-4027-b723-5576c4b4f1b3|Sony PlayStation 5 Digital Edition|The Sony PlayStation 5 Digital Edition offers next-gen gaming performance with an ultra-fast SSD, stunning visuals, and a wide variety of exclusive games.|499.99|USD|6000|2
89d562be-f7c1-49f5-bb72-e550a2b6b529|Alienware 34 Curved Gaming Monitor|The Alienware 34 Curved Gaming Monitor provides immersive 1440p resolution with a 120Hz refresh rate and NVIDIA G-SYNC technology for ultra-smooth gaming experiences.|1299.99|USD|2000|3
a376d225-74f9-47d7-b99f-c6f688aefbb4|Apple AirPods Pro 2|The Apple AirPods Pro 2 offers excellent sound quality, active noise cancellation, and enhanced comfort for a premium listening experience.|249.99|USD|7000|2
8a435bbb-1295-4dfb-bc3d-b7b92b8f4d58|Samsung Galaxy S22 Ultra|The Samsung Galaxy S22 Ultra features a 108MP camera, 5G support, and a large AMOLED display, offering top-tier performance for mobile photography and gaming.|1199.99|USD|3500|3
7424f681-46b9-4157-a993-36e2ffba4562|Microsoft Surface Studio 2|The Microsoft Surface Studio 2 is a powerful all-in-one desktop with a stunning 28-inch touchscreen display, ideal for creative professionals and designers.|3999.99|USD|800|3
b994f393-8987-46a5-8107-3f1d8329a12e|Bose SoundLink Revolve+ Bluetooth Speaker|The Bose SoundLink Revolve+ delivers deep, immersive sound with 360-degree coverage, a rugged design, and up to 16 hours of battery life for outdoor use.|329.99|USD|5000|2
83f7ed8f-2b62-4bba-b0a3-69f98457642d|Nintendo Switch OLED Model|The Nintendo Switch OLED Model offers a vivid 7-inch OLED display and enhanced audio for portable gaming, perfect for solo or multiplayer experiences.|349.99|USD|6000|3
e04f9bfc-4416-4850-92a4-742458cc4b9e|Sony A7R IV|The Sony A7R IV is a professional mirrorless camera that boasts a 61MP full-frame sensor, fast autofocus, and 4K video recording for high-quality photography and videography.|3299.99|USD|1500|2
0e8a44b0-b4d5-40ea-bbf7-e338c83b9b19|Samsung 43-inch TU8000 4K UHD Smart TV|The Samsung 43-inch TU8000 offers stunning 4K visuals with HDR, smart TV capabilities, and a slim design for an enhanced home entertainment experience.|399.99|USD|4500|3
1f69450a-5d3d-4e2d-a0ac-38e3c4bff215|Apple Watch Ultra|The Apple Watch Ultra is designed for extreme environments, offering advanced health monitoring features, rugged durability, and a large, easy-to-read display.|799.99|USD|3000|2
5a8d1e9f-b539-4b16-81bb-b89d29bdb2f2|Google Pixel 6 Pro|The Google Pixel 6 Pro features Google's custom Tensor chip, a 50MP primary camera, and an OLED display for stunning visuals and excellent performance.|899.99|USD|2500|2
6e876572-5fa4-4e97-9447-33c4c8a02a49|Lenovo Legion 5 Pro|The Lenovo Legion 5 Pro is a gaming laptop that offers a 165Hz 16-inch QHD display, AMD Ryzen 7 processor, and NVIDIA GeForce RTX 3070 for an exceptional gaming experience.|1799.99|USD|1200|2
743a4d29-7aef-4a58-9b10-1bcd7e2cc80b|LG 27GN950-B UltraGear 4K Gaming Monitor|The LG 27GN950-B is a 27-inch 4K gaming monitor with a 144Hz refresh rate, NVIDIA G-SYNC compatibility, and vibrant colors for a competitive gaming edge.|749.99|USD|2500|3
1de14513-4869-41d7-85cd-bb0e2b8754a3|Samsung Galaxy Z Fold 4|The Samsung Galaxy Z Fold 4 is a foldable smartphone that offers a large 7.6-inch AMOLED display, top-tier performance, and a unique multitasking experience.|1799.99|USD|2000|3
dd71a7e8-6c07-44de-933f-849e263f2900|Microsoft Xbox Series X|The Xbox Series X is a powerful next-gen gaming console with 4K UHD resolution, fast loading speeds, and a wide range of exclusive titles for gamers.|499.99|USD|6000|4
c810df6d-68f9-4a1e-b405-6d6f1e98f9e7|Corsair Vengeance LPX 16GB DDR4 RAM|The Corsair Vengeance LPX 16GB DDR4 RAM offers high-speed performance and low latency, ideal for gaming or demanding applications on desktops and laptops.|79.99|USD|3500|5
5c383218-9630-47e4-9ed2-8c1a3281c086|HP Spectre x360 14|The HP Spectre x360 14 is a premium convertible laptop with an Intel Core i7 processor, OLED display, and up to 16GB of RAM, perfect for both work and play.|1599.99|USD|1200|2
f17a1d2b-b076-4e77-9e92-02d5d357f009|JBL Pulse 4 Bluetooth Speaker|The JBL Pulse 4 delivers immersive 360-degree sound and a dynamic light show, perfect for any party or outdoor gathering.|249.99|USD|2500|3
70b13a72-4410-417a-9904-d0bcbf53ea6f|Sony 65-Inch Bravia XR A80J OLED TV|The Sony 65-Inch Bravia XR A80J offers stunning OLED 4K visuals, Dolby Vision, and XR Cognitive Processor for a cinematic viewing experience at home.|2499.99|USD|1000|3
af2096e0-2173-4201-b19d-7d85963b23a3|Corsair RM850x 850W PSU|The Corsair RM850x 850W PSU is a fully modular power supply with quiet operation, 80+ Gold certification, and reliable power delivery for high-performance systems.|129.99|USD|2000|5
42ff39a3-d462-4f09-87a0-dfe6538dca3d|Le Creuset Signature Enameled Cast Iron Dutch Oven|The Le Creuset Signature Enameled Cast Iron Dutch Oven provides even heat distribution and long-lasting durability, perfect for slow-cooking, roasting, and baking.|349.99|USD|1500|1
b99b9354-313f-4a19-9b71-e5431150d033|Dyson V11 Torque Drive Cordless Vacuum|The Dyson V11 Torque Drive Cordless Vacuum provides powerful suction, intelligent cleaning modes, and a long-lasting battery, ideal for homes and pet owners.|699.99|USD|2500|2
3c8c960b-c40a-4517-bd62-df34d2e72a5d|KitchenAid Artisan Stand Mixer|The KitchenAid Artisan Stand Mixer offers exceptional mixing performance with a variety of attachments, ideal for home bakers and cooking enthusiasts.|379.99|USD|5000|1
19b8d4de-4f6e-496d-b8a9-28eeed5a6e96|The North Face ThermoBall Eco Jacket|The North Face ThermoBall Eco Jacket provides warmth and comfort with lightweight insulation, perfect for outdoor activities in colder weather.|199.99|USD|3000|2
ed4fa8be-49a3-44b6-9f33-e1de2a995b0a|Bose 700 Noise Cancelling Headphones|Bose 700 Noise Cancelling Headphones provide exceptional sound quality, advanced noise cancellation, and a comfortable fit for long listening sessions.|379.99|USD|4500|1
0fbb9aaf-35f3-4c02-92da-ea7f4fc7e63e|Smeg Retro Style 4-Slice Toaster|The Smeg Retro Style 4-Slice Toaster combines classic design with modern functionality, featuring adjustable browning control and a crumb tray for easy cleanup.|159.99|USD|3200|2
7639d35d-3a76-49d4-9172-1d0f6631f6e3|Cuisinart DCC-3200 14-Cup Coffee Maker|The Cuisinart DCC-3200 14-Cup Coffee Maker offers programmable settings, Brew Strength Control, and self-cleaning for a convenient and flavorful coffee experience.|99.99|USD|4000|3
d1f63d5b-e80e-4be5-839e-6f5b10c1e5f0|Martha Stewart 7-Piece Cookware Set|The Martha Stewart 7-Piece Cookware Set provides non-stick, easy-to-clean cookware perfect for everyday cooking and entertaining.|129.99|USD|3500|2
bc1a7e72-15eb-4f61-83e9-e75cb54a29bc|Instant Pot Duo 7-in-1 Electric Pressure Cooker|The Instant Pot Duo is a versatile electric pressure cooker that can function as a pressure cooker, slow cooker, rice cooker, yogurt maker, and more.|89.99|USD|5000|1
736d2a0d-59f3-47ca-bf25-7319e2b9432a|Miele Complete C3 Cat & Dog Canister Vacuum|The Miele Complete C3 is a powerful canister vacuum designed for pet owners, offering superior suction and a HEPA filter to capture allergens and pet hair.|799.99|USD|1200|2
54479a70-9265-4edb-9877-03c299e10c58|Patagonia Nano Puff Jacket|The Patagonia Nano Puff Jacket is a lightweight, insulated jacket designed for outdoor adventures, offering warmth and comfort in cold weather.|249.99|USD|4500|2
abfa215b-d99f-41f5-a842-8ad9ab7172c1|Eureka 71B Upright Vacuum Cleaner|The Eureka 71B Upright Vacuum Cleaner features powerful suction and an easy-to-use design, perfect for deep cleaning carpets and hard floors.|79.99|USD|3000|1
574309c5-173d-47fa-b86a-ea4ac6e55077|T3 Lucea ID Digital Styling Iron|The T3 Lucea ID Digital Styling Iron features adjustable heat settings and a personalized touch, offering smooth, frizz-free hair for all hair types.|159.99|USD|2000|2
e60a621d-4ae9-4b4e-a7c1-5741d46988bc|Oxo Good Grips Salad Spinner|The Oxo Good Grips Salad Spinner makes washing and drying salad greens quick and easy, featuring a non-slip base and a soft, one-handed pump.|29.99|USD|5000|5
9a03a7b3-bdc7-4642-bc65-f62153f5fa58|Leatherman Wave Plus Multi-Tool|The Leatherman Wave Plus is a versatile multi-tool featuring 18 tools in one, perfect for DIY enthusiasts, outdoor adventurers, and professionals.|99.99|USD|6000|2
fba0f34b-e6c5-4c56-a7b5-f911c0307310|Fitbit Charge 5 Fitness and Health Tracker|The Fitbit Charge 5 tracks your fitness and health, offering built-in GPS, heart-rate monitoring, and a vibrant AMOLED display for an active lifestyle.|179.99|USD|2500|2
c95ed3f3-2f5b-4b4b-90f4-b315cc118c6d|Fossil Gen 5 Smartwatch|The Fossil Gen 5 Smartwatch combines classic style with modern tech, featuring heart-rate tracking, GPS, and customizable watch faces for a personalized experience.|295.99|USD|4500|3
d58d7a88-2d2d-4b82-9e6f-b0be98faaf0a|Vitamix 5200 Blender|The Vitamix 5200 Blender is a professional-grade blender that delivers smooth, consistent results with its powerful motor and variable speed control.|449.99|USD|2000|3
c33ec29e-2ecf-4904-9c92-f498ff083694|Yeti Rambler 30oz Tumbler|The Yeti Rambler 30oz Tumbler keeps your beverages cold or hot for hours, offering durable construction and a no-sweat design for on-the-go convenience.|34.99|USD|7000|2
3a73929f-e96a-45fa-a79e-877ec0d9d78d|Bose Home Speaker 500|The Bose Home Speaker 500 delivers powerful stereo sound with Alexa voice control, perfect for listening to music, podcasts, and more in any room of the house.|399.99|USD|3000|2
5c8e9ff0-d859-42cf-8c24-50f6726eb7be|Thermador Professional 36-inch Gas Range|The Thermador Professional 36-inch Gas Range features high-performance cooking with six burners, a griddle, and an oven, perfect for serious home chefs.|6999.99|USD|800|1
2ac9e98e-c9a1-44f4-bf9d-df123b578f56|Breville Barista Pro Espresso Machine|The Breville Barista Pro allows you to make professional-quality espresso drinks with an integrated grinder and steam wand for perfect coffee every time.|799.99|USD|1200|2
6cfb2b9c-dc7b-4c87-8d45-f7a1899b3c92|Nespresso VertuoPlus Coffee and Espresso Maker|The Nespresso VertuoPlus offers a wide variety of coffee and espresso options with convenient pod-based brewing, perfect for busy mornings or relaxing afternoons.|169.99|USD|3500|3
9a0c2a70-256d-4237-9ed8-b5f5370b5f5c|Instant Pot Pro Plus Smart 10-in-1 Pressure Cooker|The Instant Pot Pro Plus Smart 10-in-1 Pressure Cooker is a versatile kitchen appliance that combines pressure cooking, slow cooking, and more for fast, easy meal prep.|149.99|USD|5000|2
f906d586-0b3d-490d-bdf7-689975b27822|Yeti Hopper M30 Portable Cooler|The Yeti Hopper M30 Portable Cooler is a rugged, leakproof cooler that can keep your drinks and food cold for up to three days, perfect for camping or outdoor adventures.|299.99|USD|2000|3
835948c3-4b73-433d-99c2-28e6cb9870e1|Therm-a-Rest NeoAir XTherm Sleeping Pad|The Therm-a-Rest NeoAir XTherm Sleeping Pad offers comfort and warmth for outdoor enthusiasts, featuring lightweight construction and excellent insulation for cold-weather camping.|229.99|USD|1200|2
b459d928-d8b2-40b4-9e45-87b1d10c0638|Roku Ultra 2020 Streaming Device|The Roku Ultra 2020 Streaming Device provides 4K and HDR streaming, with a voice remote and a private listening mode for a personalized home entertainment experience.|99.99|USD|3000|1
762f7fa9-1997-402b-83c4-3a6ac198a173|Acer Predator Helios 300 Gaming Laptop|The Acer Predator Helios 300 is a powerful gaming laptop equipped with an Intel i7 processor, NVIDIA GeForce RTX 3060, and a 15.6-inch 144Hz display.|1399.99|USD|1500|2
f31e4389-e8d4-4874-85c9-6741b8c0632c|Vizio 55-Inch 4K Smart TV|The Vizio 55-Inch 4K Smart TV delivers stunning visuals with Ultra HD resolution and supports streaming services like Netflix, Hulu, and Disney+ for endless entertainment.|399.99|USD|3500|1
f05cf6f2-9065-4232-8287-d6c79c04edb0|SodaStream Fizzi Sparkling Water Maker|The SodaStream Fizzi Sparkling Water Maker lets you create your own sparkling water at home, with a sleek design and easy-to-use carbonation process.|89.99|USD|4000|2
ec43c849-41f2-46b0-b5a0-d79c6f6986c2|Casper Original Foam Mattress|The Casper Original Foam Mattress offers premium comfort and support with a layer of memory foam and a breathable cover, ideal for a restful night’s sleep.|599.99|USD|2000|3
218b8474-9893-4c58-b618-424d7f7b3e8a|Furbo Dog Camera|The Furbo Dog Camera lets you monitor and interact with your dog remotely, offering a 1080p camera and treat dispenser for your pet’s well-being.|249.99|USD|3000|1
5d1c9a5b-7476-4649-bf7c-319e080907b8|Canon PIXMA TR4520 Wireless Printer|The Canon PIXMA TR4520 Wireless Printer is an all-in-one inkjet printer, ideal for home and office use, offering wireless connectivity and easy setup.|69.99|USD|5000|2
4a2c6f37-bb9d-40a2-80e7-4780f9a39bbd|Razer Huntsman Mini 60% Gaming Keyboard|The Razer Huntsman Mini 60% Gaming Keyboard features Razer Optical switches for fast, responsive typing and a compact design for portability.|109.99|USD|1500|1
c7a6894e-ea0d-46c8-b421-21879c024db4|Sony PlayStation 5 Console|The Sony PlayStation 5 Console offers ultra-fast load times, stunning visuals with ray tracing, and immersive gameplay for a next-gen gaming experience.|499.99|USD|2000|1
30f4231d-9609-44a0-b7d2-28e3fa17e5b6|Samsung Galaxy S21 Ultra 5G|The Samsung Galaxy S21 Ultra 5G features a large AMOLED display, quad rear cameras, and 5G connectivity, offering a premium smartphone experience.|1199.99|USD|2500|1
c5246c0e-66ba-4534-b597-05ae6fe0620e|Nike Air Zoom Pegasus 38 Running Shoes|The Nike Air Zoom Pegasus 38 Running Shoes offer responsive cushioning, breathable upper, and durable design, making them ideal for running and training.|119.99|USD|3500|2
82627412-c0e7-4c42-b5b1-4651167c466f|Microsoft Xbox Series X|The Microsoft Xbox Series X offers powerful gaming performance with 4K resolution, lightning-fast load times, and a wide range of exclusive games.|499.99|USD|1800|1
e1d68411-c5d6-4b66-97a0-d37e3ccf21d4|GoPro HERO9 Black|The GoPro HERO9 Black offers 5K video recording, HyperSmooth stabilization, and a front-facing display, making it perfect for vlogs and action shots.|399.99|USD|3000|2
2bc02e52-f437-487b-947b-3a535dbd5675|Panasonic Lumix GH5 Mirrorless Camera|The Panasonic Lumix GH5 is a versatile mirrorless camera designed for video creators, offering 4K video recording, a 20.3MP sensor, and in-body stabilization.|1499.99|USD|800|2
f9569b23-0b07-485b-9333-f1c9a65e9ab1|Fujifilm X-T4 Mirrorless Camera|The Fujifilm X-T4 features a 26.1MP sensor, 4K video recording, and excellent color reproduction, making it a great choice for photographers and videographers.|1699.99|USD|1200|1
8d6f2a58-d9e2-45ad-b9b9-fb739e0e38be|JBL Charge 4 Portable Bluetooth Speaker|The JBL Charge 4 Portable Bluetooth Speaker delivers high-quality sound, 20 hours of playtime, and waterproof design for outdoor music enjoyment.|129.99|USD|2500|2
f03b0179-05bb-47c2-b9c1-c3705c6d1ac4|Sony WH-1000XM4 Noise Cancelling Headphones|The Sony WH-1000XM4 offers world-class noise cancellation, superior sound quality, and up to 30 hours of battery life for uninterrupted listening.|349.99|USD|4000|2
1cf1105b-b6c3-4eae-b5f3-15c6944c3b0d|Samsung Galaxy Watch 4 Classic|The Samsung Galaxy Watch 4 Classic features a sleek design, health tracking, and advanced fitness features, offering seamless integration with your Galaxy phone.|249.99|USD|5000|1
1c6d4be1-b022-4416-bff0-b1ea790d2d34|Dell XPS 13 Laptop|The Dell XPS 13 is a high-performance laptop with Intel Core i7, a 13-inch InfinityEdge display, and a sleek, ultra-portable design.|1399.99|USD|2500|2
f762599f-e541-46c7-b088-1bc745c8a7d2|Nvidia GeForce RTX 3080 Graphics Card|The Nvidia GeForce RTX 3080 offers lightning-fast performance and ray tracing for immersive gaming experiences and high-end content creation.|699.99|USD|800|1
0c975c36-ff2f-42e4-858b-78de19578c5b|Apple iPad Pro 12.9-inch (2022)|The Apple iPad Pro 12.9-inch (2022) features an M1 chip, stunning Liquid Retina display, and 5G support, perfect for creative professionals and entertainment.|1099.99|USD|1500|3
b070bff9-0c34-462f-8b4e-c7a3c78b2223|Whirlpool 28 cu. ft. French Door Refrigerator|The Whirlpool 28 cu. ft. French Door Refrigerator offers ample storage, advanced cooling technologies, and energy efficiency for modern kitchens.|2199.99|USD|500|2
9cc31c39-d3b3-477f-8a9b-57360e933703|Sony Alpha 7C Full-Frame Mirrorless Camera|The Sony Alpha 7C is a compact, full-frame mirrorless camera with excellent autofocus, 4K video, and a 24.2MP sensor for stunning images and videos.|1799.99|USD|1000|1
b87c2fbe-bf4a-4501-9f65-b2f445b31eac|Yamaha YAS-209 Soundbar with Subwoofer|The Yamaha YAS-209 Soundbar offers immersive surround sound with DTS Virtual:X technology and a wireless subwoofer for deep bass.|349.99|USD|2000|2
abff9ef3-b60c-4674-a4ea-d8fdd73ea831|Samsung 65-inch QLED 4K Smart TV|The Samsung 65-inch QLED 4K Smart TV offers vibrant colors, incredible detail, and smart features like streaming apps and voice control for a superior viewing experience.|1299.99|USD|1800|3
4f49bfe6-f825-45e2-a591-729d85f79e1a|Bose SoundLink Revolve+ Bluetooth Speaker|The Bose SoundLink Revolve+ Bluetooth Speaker delivers 360-degree sound and deep bass in a portable, water-resistant design.|329.99|USD|2500|2
c68ec013-41bc-4770-b3d1-e8f88a97f442|Breville BES870XL Barista Express Espresso Machine|The Breville BES870XL Barista Express Espresso Machine provides café-quality espresso with an integrated conical burr grinder and customizable brewing options.|699.99|USD|1500|3
a56f3374-2ca4-42b7-819b-e9bc9575011a|Fitbit Charge 5 Fitness Tracker|The Fitbit Charge 5 is a fitness tracker with built-in GPS, heart rate monitoring, and stress management tools to help you stay active and healthy.|179.99|USD|5000|2
ad3b8ff7-e687-42a9-b62b-39c9a1fa9f8f|Harman Kardon Onyx Studio 6 Wireless Speaker|The Harman Kardon Onyx Studio 6 offers premium sound with a sleek design, 8 hours of playtime, and a water-resistant build for music on the go.|449.99|USD|2000|2
fc579847-6f38-4083-a82b-c68cb7ab6826|Oculus Quest 2 VR Headset|The Oculus Quest 2 is an all-in-one VR headset with a 1832 x 1920 resolution per eye, offering an immersive experience without the need for a PC or console.|299.99|USD|2500|1
d55ca68c-0b07-4e27-8fc1-dff14d0d90f7|Panasonic 65-Inch 4K UHD Smart TV|The Panasonic 65-inch 4K UHD Smart TV features stunning picture quality, smart connectivity, and compatibility with major streaming platforms.|899.99|USD|3000|1
7f9b7f8c-2150-45ac-9860-feb1f1adf3d7|Nest Learning Thermostat|The Nest Learning Thermostat automatically adjusts your home’s temperature for comfort and energy savings, and can be controlled from your phone.|249.99|USD|4000|2
cb32b3f1-b0f1-4c4e-91e7-f13c51cbf9f6|Lego Star Wars Millennium Falcon|The Lego Star Wars Millennium Falcon kit is a detailed 1,351-piece model of the iconic spaceship, featuring intricate designs and working features.|199.99|USD|3000|3
5d7723a2-49ad-4b74-bc91-9d2f57b57e0e|Nike Air Max 270 React Sneakers|The Nike Air Max 270 React Sneakers offer responsive cushioning, stylish design, and a breathable upper, perfect for both casual wear and running.|129.99|USD|3500|2
fd28c8b1-0b16-44e3-bf7b-cf087be522a0|Seiko Presage Cocktail Time Automatic Watch|The Seiko Presage Cocktail Time Automatic Watch is a beautiful timepiece with a sophisticated design, featuring a sunburst dial and a Japanese automatic movement.|449.99|USD|1200|2
229d64d8-79b7-47b2-9ee1-b842fba7a8c6|Whirlpool 7.4 Cu. Ft. Electric Dryer|The Whirlpool 7.4 Cu. Ft. Electric Dryer offers advanced drying cycles, moisture sensing technology, and energy-efficient performance for everyday laundry needs.|799.99|USD|1500|3
60a3a389-c557-4c7c-a3f0-1f8e2347a6ed|Dyson V11 Torque Drive Cordless Vacuum Cleaner|The Dyson V11 Torque Drive Cordless Vacuum Cleaner offers powerful suction and long battery life, designed for cleaning carpets, hardwood floors, and upholstery.|599.99|USD|2000|2
3f79adf1-4c8c-4606-98e6-7a5e924fef01|Samsung Galaxy S22 5G|The Samsung Galaxy S22 5G features a dynamic AMOLED display, advanced cameras, and 5G capabilities, providing a top-tier smartphone experience.|799.99|USD|2500|1
e50b5051-292e-42bb-8e8d-3d0e2c2c5a1d|Ecovacs Deebot Ozmo T8 AIVI Robot Vacuum|The Ecovacs Deebot Ozmo T8 AIVI Robot Vacuum features advanced artificial intelligence, deep cleaning capabilities, and smart navigation for effortless home cleaning.|649.99|USD|1000|2
4209f426-f7ff-4773-b9c3-e456e4d52a2c|Garmin Fenix 6 Pro Solar GPS Watch|The Garmin Fenix 6 Pro Solar GPS Watch offers advanced fitness tracking, heart rate monitoring, and solar charging for outdoor enthusiasts and athletes.|649.99|USD|1200|1
5f44c724-212d-4c9b-b8f6-225fa479e902|Sony Bravia 55-Inch 4K HDR Smart TV|The Sony Bravia 55-Inch 4K HDR Smart TV offers stunning visuals, exceptional contrast, and smart features for the ultimate home entertainment experience.|799.99|USD|3000|3
4db9c6b7-51fc-411b-b830-c9f6187c6ae0|Bosch 800 Series Dishwasher|The Bosch 800 Series Dishwasher offers excellent cleaning performance, quiet operation, and advanced features like flexible racks and energy-efficient settings.|1099.99|USD|2000|2
64fd5005-1f7a-4d31-a227-13db91f31335|Mophie Powerstation XXL Portable Charger|The Mophie Powerstation XXL Portable Charger offers 20,000mAh of power, allowing you to charge multiple devices on the go with fast charging technology.|149.99|USD|4000|1
ada6ff9f-e57e-472b-b49b-7632a869498b|Logitech G Pro X Superlight Wireless Gaming Mouse|The Logitech G Pro X Superlight Wireless Gaming Mouse offers ultra-lightweight design, high-performance sensors, and customizable features for professional gamers.|149.99|USD|3000|1
8a337a1b-d7b9-45a6-9447-b268ab71f65e|Bose QuietComfort 35 II Wireless Headphones|The Bose QuietComfort 35 II Wireless Headphones provide excellent noise cancellation, up to 20 hours of battery life, and premium sound quality for everyday listening.|299.99|USD|5000|2
6e18d938-e93b-42da-b9b4-d0157d060518|Canon EOS Rebel T7 DSLR Camera Bundle|The Canon EOS Rebel T7 is a beginner-friendly DSLR camera with 24.1MP, Full HD video recording, and comes bundled with a lens and accessories.|549.99|USD|1000|3
b65fd34d-59e1-43c9-87c3-4d1bde8391bc|Fujifilm X-T4 Mirrorless Camera|The Fujifilm X-T4 is a high-performance mirrorless camera with in-body stabilization, a 26.1MP APS-C sensor, and 4K video recording for professional-quality photos and videos.|1699.99|USD|1200|2
c0a9f0da-7d8b-4178-bf5d-f7a7f2c0a4f5|Acer Predator Helios 300 Gaming Laptop|The Acer Predator Helios 300 is a powerful gaming laptop with a 15.6-inch 144Hz display, Intel i7 processor, and NVIDIA GeForce RTX 3070 for smooth gaming and multitasking.|1299.99|USD|2000|1
b8c283f9-5b9d-48d7-9d12-33061d43bc35|KitchenAid Artisan Series 5-Qt. Stand Mixer|The KitchenAid Artisan Series 5-Qt. Stand Mixer features a powerful motor, tilt-head design, and a variety of color options for stylish and versatile cooking.|399.99|USD|1500|2
bf9d9206-b48e-4f9d-88ff-4c68cf62e9c4|Dyson Pure Cool TP04 Air Purifier and Fan|The Dyson Pure Cool TP04 Air Purifier and Fan uses advanced filtration technology to remove allergens and pollutants, while providing powerful cooling for the room.|599.99|USD|1200|3
8f5d07c8-7205-431d-b9cc-e5a9571ef43b|Bose Home Speaker 500|The Bose Home Speaker 500 delivers wide, room-filling sound with Amazon Alexa and Google Assistant integration for a smart, connected home audio experience.|399.99|USD|2000|2
fe46f95b-938f-42b2-8f7b-df8a9149ef28|iRobot Roomba i7+ Robot Vacuum|The iRobot Roomba i7+ offers smart mapping, powerful suction, and a self-emptying dustbin, perfect for hands-free home cleaning.|799.99|USD|2500|1
b1949fdd-7381-47d9-9b3f-8f56d8c49e2d|JBL Flip 5 Bluetooth Speaker|The JBL Flip 5 Bluetooth Speaker offers rich sound, waterproof durability, and up to 12 hours of playtime, ideal for outdoor adventures and parties.|119.99|USD|4000|2
cc2e3e2b-53ed-4bc0-9228-12378991f229|GoPro HERO9 Black|The GoPro HERO9 Black is a rugged action camera with 5K video recording, 20MP photos, and an enhanced front display for vlogging and adventure filming.|449.99|USD|3000|2
763d9d59-2909-4ec9-b5ff-6b7f42c1d8e2|Samsung Galaxy Buds Pro|The Samsung Galaxy Buds Pro offer premium sound quality, active noise cancellation, and water resistance for an immersive listening experience on the go.|199.99|USD|4500|1
a98cb660-89ae-4a5e-9b5b-97a3009a8c9e|DeLonghi ECAM35020B Magnifica S Espresso Machine|The DeLonghi ECAM35020B Magnifica S Espresso Machine is a compact, super-automatic coffee maker with built-in grinder and milk frother for fresh coffee every time.|699.99|USD|1000|3
edb6bbed-1a09-45da-9a8d-b9b43855050c|Samsung 50-Inch QLED 4K Smart TV|The Samsung 50-Inch QLED 4K Smart TV offers exceptional picture quality, smart features like streaming apps and voice assistants, and sleek design for your living room.|899.99|USD|1500|1
f63f6c96-0d0f-4415-8b4a-e19314d5a54d|Philips Sonicare DiamondClean Smart 9750 Electric Toothbrush|The Philips Sonicare DiamondClean Smart 9750 Electric Toothbrush offers superior cleaning performance, smart sensors, and personalized coaching for a healthier smile.|299.99|USD|2500|2
db8ac1db-ec60-45c4-b63f-4a70a78bca4a|BenQ Zowie XL2411P 24-Inch 144Hz Gaming Monitor|The BenQ Zowie XL2411P is a 24-inch 144Hz gaming monitor with low latency and customizable settings for esports professionals and competitive gamers.|249.99|USD|3000|1
2b6a7087-9ae9-4d34-b357-efed12ae98d5|Bose Noise Cancelling Headphones 700|The Bose Noise Cancelling Headphones 700 offer advanced noise cancellation, clear sound quality, and up to 20 hours of battery life for a premium listening experience.|379.99|USD|4000|2
a3f6e1b8-3a56-41f7-b8f1-04d748db3b93|Whirlpool Smart Front Load Washer|The Whirlpool Smart Front Load Washer offers energy-efficient cleaning with WiFi connectivity, adaptive washing cycles, and large capacity for family-sized loads.|899.99|USD|1000|3
60e9c4a7-85fe-477d-9514-7e1c79ff8a35|Nikon AF-S NIKKOR 24-70mm f/2.8E ED VR Lens|The Nikon AF-S NIKKOR 24-70mm f/2.8E ED VR Lens is a versatile zoom lens designed for professional photographers, offering exceptional clarity and image stabilization.|2299.99|USD|500|2
926eb87b-8c71-47f4-8045-8314d4c0ca7b|Dyson V8 Absolute Cordless Vacuum|The Dyson V8 Absolute Cordless Vacuum provides strong suction, a lightweight design, and up to 40 minutes of runtime for effective home cleaning.|399.99|USD|2000|1
1a731e13-6db1-47b7-b65b-56919f8b479e|Epson EcoTank ET-2720 Wireless Printer|The Epson EcoTank ET-2720 Wireless Printer offers cartridge-free printing with refillable ink tanks, ideal for home or small office use with low-cost, high-quality prints.|199.99|USD|3500|2
be73663f-2a56-423a-83f2-8bbca4d1f76f|Hamilton Beach 12-Cup Coffee Maker|The Hamilton Beach 12-Cup Coffee Maker brews rich, flavorful coffee with simple controls, ideal for households and small offices.|49.99|USD|5000|1
b732a819-b55e-4a56-813b-4bcfc6ef02a4|Ring Video Doorbell Pro 2|The Ring Video Doorbell Pro 2 allows you to see and speak with visitors through your phone, offering 1536p HD video and advanced motion detection for security.|249.99|USD|1500|2
9e2272f3-4e9e-4e68-b627-4b64b4f0f5e9|iPhone 13 Pro 512GB|The iPhone 13 Pro offers a 6.1-inch OLED display, A15 Bionic chip, and triple-camera system, making it one of the most powerful smartphones available.|1099.99|USD|3000|1
8cd5702d-bf4d-4c79-94f9-27a63f021d94|Smeg 50's Retro Style Refrigerator|The Smeg 50's Retro Style Refrigerator combines vintage aesthetics with modern functionality, featuring adjustable shelves and energy-efficient operation.|1299.99|USD|1000|3
c8e5f1eb-b33c-47f1-812e-d8e1e8fbc8f1|Sony PlayStation 5 Console|The Sony PlayStation 5 Console offers next-gen gaming performance with ray tracing, ultra-fast loading, and a new controller for an immersive gaming experience.|499.99|USD|2000|1
eb86ff16-d8f0-4a72-9a5b-fb16d23f4f70|Bose Home Speaker 300|The Bose Home Speaker 300 offers clear, room-filling sound and built-in voice assistants like Alexa and Google Assistant for a smarter home.|249.99|USD|1500|2
acb417cb-27a5-4579-bc29-4a7ccdf80b69|Sony WH-1000XM4 Noise Cancelling Headphones|The Sony WH-1000XM4 offer industry-leading noise cancellation, superior sound quality, and up to 30 hours of battery life for all-day listening and travel.|349.99|USD|4000|1
f9d4d9b0-b9db-4b0f-8ea5-3a557b5a2343|Fisher-Price Loving Family Dollhouse|The Fisher-Price Loving Family Dollhouse offers an interactive playset with realistic furniture and family figures for imaginative storytelling and fun.|129.99|USD|2000|3
e4b8496d-7410-47d0-b7e0-3d5574e5bcdb|Sony Bravia XR A80J 55-Inch OLED 4K TV|The Sony Bravia XR A80J 55-Inch OLED 4K TV features self-illuminating pixels, deep blacks, and vibrant colors for an exceptional viewing experience in any room.|1799.99|USD|1500|2
43f8a518-c319-4ff3-91fb-7cd1a11d33c9|Apple AirPods Pro 2nd Generation|Apple AirPods Pro 2nd Generation offer active noise cancellation, spatial audio, and an improved fit for a premium wireless audio experience.|249.99|USD|4500|1
92f462e1-f7c9-48d1-a0cc-9e607f39ccfd|Yeti Tundra 45 Cooler|The Yeti Tundra 45 Cooler is built to keep ice frozen for days with its rugged, rotomolded construction and thick insulation, ideal for camping, fishing, or tailgating.|299.99|USD|2000|2
d3421d3b-8535-4a64-88f3-b71747e532f9|LG 27GN950-B 27-Inch 4K UHD Nano IPS Gaming Monitor|The LG 27GN950-B is a 27-inch 4K UHD gaming monitor with a 144Hz refresh rate and Nano IPS technology for vibrant colors and smooth gameplay.|749.99|USD|1000|3
bfcaedb2-b3d7-44b9-91fc-cd5d72b43c6d|Miele Classic C1 Pure Suction Canister Vacuum|The Miele Classic C1 Pure Suction Canister Vacuum provides powerful suction and is designed for hard floors and low-pile carpets, with adjustable suction power.|249.99|USD|1500|2
024f5b67-3e73-41c2-b756-e8ad306f4623|Samsung Galaxy S21 Ultra 5G|The Samsung Galaxy S21 Ultra 5G features a 6.8-inch Dynamic AMOLED display, Snapdragon 888 chipset, and a quad-camera system for top-tier performance and photography.|1199.99|USD|2000|1
a8d28f98-c9a6-4f61-b79a-61f5585b5e4f|Kenmore Elite 74033 Smart Dishwasher|The Kenmore Elite 74033 Smart Dishwasher features Wi-Fi connectivity, powerful cleaning, and a sleek design to fit seamlessly into modern kitchens.|899.99|USD|1000|3
1b7b5e6f-c60d-411f-bb2b-cd6e2b9f41e7|Nest Learning Thermostat (3rd Generation)|The Nest Learning Thermostat adapts to your preferences, helping you save energy and keep your home at the ideal temperature while being easy to control via your phone.|249.99|USD|1200|2
0c8b1778-f79f-4733-97b4-3fd12406c9a7|Vitamix 5200 Blender|The Vitamix 5200 Blender offers professional-grade performance with variable speed control, perfect for smoothies, soups, and other kitchen tasks.|449.99|USD|1500|1
7b20d9a7-d434-4e1a-8a28-7e44b79e14cd|Husqvarna 128LD 17-Inch Gas String Trimmer|The Husqvarna 128LD Gas String Trimmer provides easy starting, powerful performance, and a versatile design for trimming grass and edging lawns.|199.99|USD|2000|2
6b0c3b68-40e0-4c0b-b84a-69d040d79df8|Whirlpool 30-Inch Gas Range|The Whirlpool 30-Inch Gas Range offers five burners, a convection oven, and self-cleaning capabilities, perfect for cooking large meals and family gatherings.|749.99|USD|1500|3
ca02a218-b528-4745-bff7-93c14c9e2c5f|Oculus Quest 2 VR Headset|The Oculus Quest 2 VR Headset provides a fully immersive virtual reality experience with a lightweight design, high resolution, and a wide range of available games.|299.99|USD|1000|1
d4ec9e6f-2d89-4fa5-bb8c-f5c8d4bcbf72|Samsung 970 EVO Plus 1TB SSD|The Samsung 970 EVO Plus 1TB SSD offers high-speed data transfer, reliability, and improved boot times, ideal for gaming PCs and content creation setups.|149.99|USD|5000|1
e67c5a68-5be9-4977-bd5c-51f1b640e107|Cuisinart 14-Cup Food Processor|The Cuisinart 14-Cup Food Processor offers high-performance chopping, slicing, and pureeing with multiple blades and a large capacity for all your food prep needs.|199.99|USD|2000|2
4cbf8d4e-37b5-4202-8248-91853b7c75c9|Fender American Professional II Stratocaster Electric Guitar|The Fender American Professional II Stratocaster Electric Guitar offers a timeless design with modern features, including V-Mod II pickups and a two-point tremolo system for great tone and playability.|1499.99|USD|500|1
0da902fb-e7bb-49d3-84bc-17cbb7c4b52f|Garmin Forerunner 945 GPS Running Watch|The Garmin Forerunner 945 is a GPS running watch with advanced features like VO2 max, heart rate monitoring, and music storage for athletes and fitness enthusiasts.|599.99|USD|1000|1
7fbe9aaf-62ad-4693-b0ad-e62b1c57d96d|Tile Pro Bluetooth Tracker|The Tile Pro Bluetooth Tracker helps you keep track of your keys, wallet, or other important items with a loud ring, a long range, and an app to locate them on your phone.|34.99|USD|3000|3
2e5ad742-bd9a-44d0-8c5b-c343cd232dce|Ben & Jerry's Half Baked Ice Cream|Ben & Jerry's Half Baked Ice Cream is a creamy and indulgent dessert featuring a mix of chocolate fudge brownie and chocolate chip cookie dough in a rich vanilla base.|4.99|USD|10000|1
c251b7a1-91a9-4f62-b167-dc35f8cf00f5|La-Z-Boy Anderson Reclining Sofa|The La-Z-Boy Anderson Reclining Sofa combines luxurious comfort with a stylish design, featuring plush cushioning and easy-to-operate recliners for a relaxing seating experience.|999.99|USD|500|2
29b70c79-d3da-437d-aada-cffed7e3a74e|Trek Marlin 5 Mountain Bike|The Trek Marlin 5 is an entry-level mountain bike with a lightweight frame, 21-speed gearing, and durable tires, perfect for beginners and trail riders.|499.99|USD|2000|1
cccf3ca5-4b1b-4e64-9b01-20a84f62db73|Harman Kardon Onyx Studio 6 Bluetooth Speaker|The Harman Kardon Onyx Studio 6 Bluetooth Speaker offers exceptional sound quality, a premium design, and up to 8 hours of battery life for music on the go.|399.99|USD|1500|2
5975c5a4-676e-4ccf-8767-0299b635baba|Breville BES870XL Barista Express Espresso Machine|The Breville BES870XL Barista Express Espresso Machine offers precise control over grind size, dose, and temperature, making it easy to create café-quality espresso drinks at home.|699.99|USD|1000|3
3eb3a3db-6638-4557-9b3b-795bfda6a218|Sony X950H 65-Inch 4K LED Smart TV|The Sony X950H 65-Inch 4K LED Smart TV features Full Array LED technology, Dolby Vision, and enhanced color for a truly immersive entertainment experience.|1299.99|USD|1500|1
c239b580-1a5b-4528-b220-4c8532794a76|Zojirushi Neuro Fuzzy 1-Liter Rice Cooker|The Zojirushi Neuro Fuzzy Rice Cooker offers advanced cooking technology to perfectly cook rice every time, with various settings for white rice, brown rice, and porridge.|119.99|USD|2500|2
14c303ab-3f9c-4693-8eab-b7727c2830e1|Sony Alpha 7R IV Mirrorless Camera|The Sony Alpha 7R IV Mirrorless Camera offers a 61MP full-frame sensor, 4K video recording, and advanced autofocus for high-resolution photography and videography.|3499.99|USD|500|1
7ab3db8d-4a49-4be9-bb9d-e4a988bcde6e|Ring Video Doorbell Pro 2|The Ring Video Doorbell Pro 2 features 1080p HD video, two-way audio, and motion detection to keep your home secure with a premium video doorbell experience.|249.99|USD|1500|2
6db7f41f-84b3-4a79-91b9-470032dd9b99|Dyson V11 Torque Drive Cordless Vacuum|The Dyson V11 Torque Drive Cordless Vacuum provides powerful suction with advanced filtration and a long battery life for whole-home cleaning on carpets and hard floors.|599.99|USD|1000|3
cb9f11d1-b842-4a33-a1c1-87a80f5a9bfa|KitchenAid Artisan 5-Quart Stand Mixer|The KitchenAid Artisan 5-Quart Stand Mixer features 10 speeds, a powerful motor, and a variety of attachments for baking, mixing, and food preparation.|399.99|USD|1200|2
4f6d90a0-4b02-42fe-9f9a-c4e004c6f1c4|Le Creuset Enameled Cast Iron Dutch Oven|The Le Creuset Enameled Cast Iron Dutch Oven offers excellent heat retention and versatility, perfect for slow cooking, braising, and baking.|249.99|USD|800|1
9279c3d5-d3c1-4a76-bdf6-73650adfa105|Asus ROG Strix G15 Gaming Laptop|The Asus ROG Strix G15 Gaming Laptop comes with an Intel Core i7 processor, NVIDIA GeForce RTX 3060 GPU, and a 144Hz display for a smooth gaming experience.|1399.99|USD|500|2
8d933f38-5482-4cc5-bc95-013c36b8fc59|Sennheiser Momentum 3 Wireless Headphones|The Sennheiser Momentum 3 Wireless Headphones offer high-quality sound, active noise cancellation, and a premium design for immersive audio on the go.|399.99|USD|2000|1
be4e1f6d-2186-4ffb-96f6-3c68dceaa79c|Whirlpool 24-Inch Built-In Dishwasher|The Whirlpool 24-Inch Built-In Dishwasher provides powerful cleaning performance with adjustable racks and a quiet operation for family kitchens.|649.99|USD|1500|3
f8351be9-e70e-4f6a-bb29-11d3aeb15d0b|Sony PlayStation 5 Console|The Sony PlayStation 5 Console offers lightning-fast load times, stunning 4K graphics, and immersive gaming with the DualSense wireless controller.|499.99|USD|5000|1
43ed4a36-d51c-4fe6-bbb5-804c1b6060f4|Cannon EOS Rebel T8i DSLR Camera|The Canon EOS Rebel T8i DSLR Camera offers a 24.1MP sensor, 4K video recording, and an advanced autofocus system for high-quality photography and videography.|899.99|USD|1000|2
f24b26c4-b823-4c6f-a0b2-6b64e390d379|Nespresso VertuoPlus Coffee and Espresso Maker|The Nespresso VertuoPlus Coffee and Espresso Maker offers a versatile coffee experience, brewing a variety of drinks with one-touch technology and an easy-to-use design.|199.99|USD|2000|1
71c9c29f-5e9d-40f3-bc10-f8ff349db6bc|Black+Decker Cordless Handheld Vacuum|The Black+Decker Cordless Handheld Vacuum offers powerful suction, lightweight design, and a long battery life for quick cleanups around the house or car.|49.99|USD|3000|3
a4fa34cf-f1ae-420f-bd27-59d0a320e0fe|Fujifilm X-T4 Mirrorless Camera|The Fujifilm X-T4 Mirrorless Camera offers exceptional image quality, in-body image stabilization, and advanced autofocus, perfect for both photographers and videographers.|1699.99|USD|800|1
5038d8a5-f8b3-4bfc-9d34-379c52f4f4e7|Crock-Pot 7-Quart Slow Cooker|The Crock-Pot 7-Quart Slow Cooker offers programmable settings and a large capacity for preparing delicious, tender meals for family and friends.|49.99|USD|1000|2
cdfe21cb-f33b-442b-b96f-b21949076e18|Shark IQ Robot Vacuum|The Shark IQ Robot Vacuum offers smart mapping, powerful suction, and hands-free cleaning, designed to clean your floors while you focus on other tasks.|349.99|USD|1500|1
ccbe9c79-bb43-475d-8a2b-94e5876b2e0b|Coca-Cola 12-Pack Cans|Coca-Cola 12-Pack Cans offer the refreshing, classic taste of Coca-Cola in convenient, portable cans for any occasion.|5.99|USD|5000|2
17f4c44c-4f77-4886-b80c-1c4f07f8db56|Samsung Galaxy Watch 4|The Samsung Galaxy Watch 4 features advanced health tracking, fitness features, and a sleek design, allowing you to stay connected and track your health goals.|249.99|USD|2000|3
450c7f8a-11e9-49e1-90d7-020b5b00de91|Keurig K-Elite Single Serve Coffee Maker|The Keurig K-Elite Single Serve Coffee Maker brews premium coffee, tea, and more with customizable strength, temperature control, and a large water reservoir.|169.99|USD|1500|1
de9259de-6353-4096-92b3-b0e31bc73b71|Samsung 65-Inch Q80A 4K QLED Smart TV|The Samsung 65-Inch Q80A 4K QLED Smart TV features stunning color accuracy, Dolby Vision, and an ultra-thin profile for a premium viewing experience.|1099.99|USD|1200|2
a9e4c1a1-c9f1-4579-94a9-23ad3b924379|Google Nest Hub Max|The Google Nest Hub Max features a 10-inch HD display, built-in Google Assistant, and a 6.5MP camera for video calls and smart home control.|229.99|USD|2000|1
d5947adf-d9ad-429b-ae78-879d54cc15ff|Miele Complete C3 PowerLine Canister Vacuum|The Miele Complete C3 PowerLine Canister Vacuum offers powerful suction, a quiet motor, and advanced filtration for a deep clean on all floor types.|499.99|USD|1000|2
d800a31e-b4c7-4f47-8a25-161b184bfcff|Leica Q2 Digital Camera|The Leica Q2 Digital Camera combines a 47MP full-frame sensor, bright Summilux lens, and sleek design for exceptional photography in any environment.|4999.99|USD|500|1
fc28844f-d741-4ac5-9fc2-d268b17810f4|Whirlpool 28 cu. ft. French Door Refrigerator|The Whirlpool 28 cu. ft. French Door Refrigerator features advanced cooling technology, ample storage, and energy efficiency to keep food fresh and organized.|2199.99|USD|800|2